{
    "historical_prices": [
        {
            "date": "2017-01-01",
            "price": 65.0
        },
        {
            "date": "2017-01-02",
            "price": 32.0
        },
        {
            "date": "2017-01-03",
            "price": 45.0
        },
        {
            "date": "2017-01-04",
            "price": 67.0
        },
        {
            "date": "2017-01-05",
            "price": 78.0
        },
        {
            "date": "2017-01-06",
            "price": 35.7
        },
        {
            "date": "2017-01-07",
            "price": 45.0
        },
        {
            "date": "2017-01-08",
            "price": 67.0
        },
        {
            "date": "2017-01-09",
            "price": 78.0
        },
        {
            "date": "2017-01-10",
            "price": 35.7
        },
        {
            "date": "2017-01-11",
            "price": 45.0
        },
        {
            "date": "2017-01-12",
            "price": 67.0
        },
        {
            "date": "2017-01-13",
            "price": 78.0
        },
        {
            "date": "2017-01-14",
            "price": 35.7
        },
        {
            "date": "2017-01-15",
            "price": 45.0
        },
        {
            "date": "2017-01-16",
            "price": 67.0
        },
        {
            "date": "2017-01-17",
            "price": 78.0
        },
        {
            "date": "2017-01-18",
            "price": 35.7
        },
        {
            "date": "2017-01-19",
            "price": 45.0
        },
        {
            "date": "2017-01-20",
            "price": 67.0
        },
        {
            "date": "2017-01-21",
            "price": 78.0
        },
        {
            "date": "2017-01-22",
            "price": 35.7
        },
        {
            "date": "2017-01-23",
            "price": 45.0
        },
        {
            "date": "2017-01-24",
            "price": 67.0
        },
        {
            "date": "2017-01-25",
            "price": 78.0
        }
    ]
}